{
  "exclusions": {
    "productIdPatterns": [
      "RAID",
      "PSU",
      "PCIE",
      "SD-64G",
      "TPM2",
      "MSTOR",
      "CPU",
      "SD480",
      "-MR-",
      "SD19T",
      "RACK",
      "RFID",
      "USB",
      "PAC",
      "SD",
      "STACK",
      "SSD",
      "ANT",
      "MEM",
      "BLANK",
      "PWR",
      "INSRT",
      "POWER",
      "FAN",
      "CAB-",
      "CABLE",
      "MEM-",
      "DIMM",
      "DDR",
      "SFP-",
      "GLC-",
      "QSFP-",
      "STACK-",
      "ANT-",
      "AIR-ANT",
      "BRKT",
      "BRACKET",
      "RACK",
      "TRAY",
      "BLANK",
      "COVER",
      "NM-",
      "PA-",
      "WIC-",
      "HWIC-",
      "VWIC-",
      "ACS-",
      "CP-",
      "LIC-",
      "FL-",
      "CON-",
      "PI-",
      "FILLER",
      "INSERT",
      "SCREW",
      "NUT",
      "RAIL"
    ],
    "descriptionKeywords": [
      "Dummy",
      "RACK",
      "POWER SUPPLY",
      "POWER CORD",
      "CABLE",
      "TRANSCEIVER",
      "MEMORY",
      "BRACKET",
      "MOUNTING",
      "RAIL KIT",
      "ACCESSORY",
      "ANTENNA",
      "LICENSE",
      "SMARTNET",
      "SERVICE CONTRACT",
      "MAINTENANCE",
      "SUPPORT",
      "WARRANTY",
      "FAN MODULE",
      "FAN TRAY",
      "BLANK PANEL",
      "FILLER PANEL",
      "OPTIC",
      "GBIC",
      "RENEWAL",
      "SUBSCRIPTION"
    ],
    "productTypes": [
      "SERVICE",
      "SOFTWARE",
      "LICENSE",
      "ACCESSORY",
      "CABLE",
      "MEMORY",
      "POWER SUPPLY",
      "FAN",
      "DOCUMENTATION",
      "TRANSCEIVER",
      "MODULE",
      "SUPPORT",
      "MAINTENANCE",
      "WARRANTY",
      "SUBSCRIPTION"
    ]
  },
  "notes": {
    "description": "Phase 1 exclusion patterns for filtering inventory items",
    "lastUpdated": "2024-12-26",
    "instructions": [
      "Add product ID patterns that should be excluded (case-insensitive partial match)",
      "Add description keywords that indicate items to exclude",
      "Add exact product types to exclude",
      "Restart backend after making changes"
    ]
  }
}