{
  "test1": {
    "name": "test1",
    "config": {
      "product_id": "pwr",
      "type": {
        "include": [],
        "exclude": []
      },
      "category": {
        "include": [],
        "exclude": []
      },
      "mfg": {
        "include": [],
        "exclude": []
      },
      "description": "",
      "risk_level": {
        "include": [],
        "exclude": []
      },
      "support_status": {
        "include": [],
        "exclude": []
      }
    },
    "createdAt": "2025-10-18T04:14:27.029Z",
    "updatedAt": "2025-10-18T04:14:27.029Z",
    "usageCount": 6,
    "lastUsed": "2025-11-04T16:48:47.245Z"
  },
  "Test2": {
    "name": "Test2",
    "config": {
      "product_id": "",
      "type": {
        "include": [],
        "exclude": []
      },
      "category": {
        "include": [],
        "exclude": []
      },
      "mfg": {
        "include": [],
        "exclude": []
      },
      "description": "",
      "risk_level": {
        "include": [],
        "exclude": []
      },
      "support_status": {
        "include": [],
        "exclude": []
      },
      "selectionMode": "exclude-selected",
      "selectedProductIds": [
        "C3KX-PWR-715WAC",
        "CAB-3KX-AC",
        "PI-MSE-PRMO-INSRT",
        "C3KX-PS-BLANK",
        "PI-MSE-PRMO-INSRT",
        "HWIC-BLANK",
        "C3KX-PWR-715WAC",
        "C3KX-PS-BLANK",
        "PI-MSE-PRMO-INSRT",
        "CAB-3KX-AC",
        "C3KX-PWR-715WAC",
        "CAB-3KX-AC",
        "PI-MSE-PRMO-INSRT",
        "C3KX-PS-BLANK",
        "AIR-AP-T-RAIL-R",
        "AIR-AP-BRACKET-1",
        "PI-MSE-PRMO-INSRT",
        "CAB-3KX-AC",
        "C3KX-PS-BLANK",
        "C3KX-PWR-715WAC",
        "AIR-AP-BRACKET-1",
        "AIR-AP-T-RAIL-R",
        "AIR-AP-BRACKET-1",
        "AIR-AP-T-RAIL-R",
        "C3KX-PWR-715WAC",
        "PI-MSE-PRMO-INSRT",
        "CAB-3KX-AC",
        "C3KX-PS-BLANK",
        "PWR-2911-AC",
        "HWIC-BLANK",
        "SM-S-BLANK",
        "PI-MSE-PRMO-INSRT",
        "MEM-CF-256MB",
        "MEM-2900-512MB-DEF",
        "CAB-C13-C14-2M",
        "C3KX-PWR-715WAC",
        "CAB-3KX-AC",
        "C3KX-PS-BLANK",
        "N5548P-FAN=",
        "C3KX-PWR-715WAC",
        "CAB-3KX-AC",
        "C3KX-PS-BLANK",
        "CAB-3KX-AC",
        "C3KX-PS-BLANK",
        "CAB-TA-NA",
        "MA-PWR-CORD-US",
        "MA-PWR-CORD-US",
        "MA-PWR-CORD-US",
        "CAB-TA-NA",
        "PWR-C4-950WAC-R/2",
        "PWR-C4-950WAC-R",
        "C9500-NM-BLANK",
        "CAB-TA-NA",
        "PWR-C4-950WAC-R/2",
        "PWR-C4-950WAC-R",
        "C9500-NM-BLANK",
        "CAB-AC15A-90L-USA",
        "CAB-TA-NA",
        "NXA-FAN-35CFM-PI",
        "NXA-FAN-35CFM-PI",
        "NXA-FAN-35CFM-PI",
        "NXA-FAN-35CFM-PI",
        "NXA-FAN-35CFM-PI",
        "CAB-9K12A-NA",
        "NXA-FAN-35CFM-PI",
        "NXA-FAN-35CFM-PI",
        "NXA-FAN-35CFM-PI",
        "NXA-FAN-35CFM-PI",
        "NXA-FAN-35CFM-PI",
        "CAB-9K12A-NA",
        "NXA-FAN-30CFM-B",
        "NXA-FAN-30CFM-B",
        "NXA-FAN-30CFM-B",
        "NXA-FAN-30CFM-B",
        "CAB-C13-C14-AC",
        "NXA-FAN-30CFM-B",
        "NXA-FAN-30CFM-B",
        "NXA-FAN-30CFM-B",
        "NXA-FAN-30CFM-B",
        "CAB-C13-C14-AC",
        "PWR-IE65W-PC-AC",
        "PWR-IE65W-PC-AC",
        "PWR-IE65W-PC-AC",
        "CAB-TA-NA",
        "PWR-C1-715WAC-P",
        "PWR-C1-715WAC-P/2",
        "CAB-SPWR-150CM",
        "STACK-T1-3M",
        "CAB-TA-NA",
        "PWR-C1-715WAC-P",
        "PWR-C1-715WAC-P/2",
        "CAB-SPWR-150CM",
        "STACK-T1-3M",
        "CAB-TA-NA",
        "PWR-C1-715WAC-P",
        "PWR-C1-715WAC-P/2",
        "CAB-SPWR-150CM",
        "STACK-T1-3M",
        "CAB-TA-NA",
        "PWR-C1-715WAC-P",
        "PWR-C1-715WAC-P/2",
        "CAB-SPWR-150CM",
        "STACK-T1-3M",
        "CAB-TA-NA",
        "PWR-C1-715WAC-P",
        "PWR-C1-715WAC-P/2",
        "CAB-SPWR-150CM",
        "STACK-T1-3M",
        "CAB-TA-NA",
        "PWR-C1-715WAC-P",
        "PWR-C1-715WAC-P/2",
        "CAB-SPWR-150CM",
        "STACK-T1-3M",
        "CAB-TA-NA",
        "PWR-C1-715WAC-P",
        "PWR-C1-715WAC-P/2",
        "CAB-SPWR-150CM",
        "STACK-T1-3M",
        "C9300X-NM-BLANK",
        "CAB-TA-NA",
        "PWR-C1-715WAC-P",
        "PWR-C1-715WAC-P/2",
        "CAB-SPWR-150CM",
        "STACK-T1-3M",
        "C9300X-NM-BLANK",
        "C9K-T1-FANTRAY",
        "C9K-T1-FANTRAY",
        "C9K-F1-SSD-BLANK",
        "CAB-9K12A-NA",
        "C9K-PWR-650WAC-R/2",
        "C9K-PWR-650WAC-R",
        "C9K-T1-FANTRAY",
        "C9K-T1-FANTRAY",
        "C9K-F1-SSD-BLANK",
        "CAB-9K12A-NA",
        "C9K-PWR-650WAC-R/2",
        "C9K-PWR-650WAC-R",
        "CAB-TA-NA",
        "CAB-TA-NA",
        "CAB-TA-NA",
        "MEM-C8300-8GB",
        "M2USB-16G",
        "C-RFID-1R",
        "C8300-NIM-BLANK",
        "C8300-SM-BLANK",
        "C8300-PIM-BLANK",
        "PWR-CC1-400WAC",
        "PWR-CC1-400WAC",
        "MEM-C8300-8GB",
        "M2USB-16G",
        "C-RFID-1R",
        "C8300-NIM-BLANK",
        "C8300-SM-BLANK",
        "C8300-PIM-BLANK",
        "PWR-CC1-400WAC",
        "PWR-CC1-400WAC",
        "MEM-C8300-8GB",
        "M2USB-16G",
        "C-RFID-1R",
        "C8300-NIM-BLANK",
        "C8300-SM-BLANK",
        "C8300-PIM-BLANK",
        "PWR-CC1-400WAC",
        "PWR-CC1-400WAC",
        "MEM-C8300-8GB",
        "M2USB-16G",
        "C-RFID-1R",
        "C8300-NIM-BLANK",
        "C8300-SM-BLANK",
        "C8300-PIM-BLANK",
        "PWR-CC1-400WAC",
        "PWR-CC1-400WAC",
        "MEM-C8300-8GB",
        "M2USB-16G",
        "C-RFID-1R",
        "C8300-NIM-BLANK",
        "C8300-SM-BLANK",
        "C8300-PIM-BLANK",
        "PWR-CC1-400WAC",
        "PWR-CC1-400WAC",
        "PWR-C6-600WAC/2",
        "CAB-TA-NA",
        "C9200-STACK-KIT",
        "C9200-STACK",
        "C9200-STACK",
        "STACK-T4-50CM",
        "PWR-C6-600WAC/2",
        "CAB-TA-NA",
        "C9200-STACK-KIT",
        "C9200-STACK",
        "C9200-STACK",
        "STACK-T4-50CM",
        "PWR-C6-600WAC/2",
        "CAB-TA-NA",
        "C9200-STACK-KIT",
        "C9200-STACK",
        "C9200-STACK",
        "STACK-T4-50CM",
        "PWR-C6-600WAC/2",
        "CAB-TA-NA",
        "C9200-STACK-KIT",
        "C9200-STACK",
        "C9200-STACK",
        "STACK-T4-50CM",
        "PWR-C6-600WAC/2",
        "CAB-TA-NA",
        "C9200-STACK-KIT",
        "C9200-STACK",
        "C9200-STACK",
        "STACK-T4-50CM",
        "PWR-C6-600WAC/2",
        "CAB-TA-NA",
        "C9200-STACK-KIT",
        "C9200-STACK",
        "C9200-STACK",
        "STACK-T4-50CM",
        "PWR-C6-600WAC/2",
        "CAB-TA-NA",
        "C9200-STACK-KIT",
        "C9200-STACK",
        "C9200-STACK",
        "STACK-T4-50CM",
        "PWR-C6-600WAC/2",
        "CAB-TA-NA",
        "C9200-STACK-KIT",
        "C9200-STACK",
        "C9200-STACK",
        "STACK-T4-50CM",
        "PWR-C6-600WAC/2",
        "CAB-TA-NA",
        "C9200-STACK-KIT",
        "C9200-STACK",
        "C9200-STACK",
        "STACK-T4-50CM",
        "PWR-C6-600WAC/2",
        "CAB-TA-NA",
        "C9200-STACK-KIT",
        "C9200-STACK",
        "C9200-STACK",
        "STACK-T4-50CM",
        "PWR-C6-600WAC/2",
        "CAB-TA-NA",
        "C9200-STACK-KIT",
        "C9200-STACK",
        "C9200-STACK",
        "STACK-T4-50CM",
        "PWR-C6-600WAC/2",
        "CAB-TA-NA",
        "C9200-STACK-KIT",
        "C9200-STACK",
        "C9200-STACK",
        "STACK-T4-50CM",
        "PWR-C6-600WAC/2",
        "CAB-TA-NA",
        "C9200-STACK-KIT",
        "C9200-STACK",
        "C9200-STACK",
        "STACK-T4-50CM",
        "PWR-C6-600WAC/2",
        "CAB-TA-NA",
        "C9200-STACK-KIT",
        "C9200-STACK",
        "C9200-STACK",
        "STACK-T4-50CM",
        "PWR-C6-600WAC/2",
        "CAB-TA-NA",
        "C9200-STACK-KIT",
        "C9200-STACK",
        "C9200-STACK",
        "STACK-T4-50CM",
        "PWR-C6-600WAC/2",
        "CAB-TA-NA",
        "C9200-STACK-KIT",
        "C9200-STACK",
        "C9200-STACK",
        "STACK-T4-50CM",
        "PWR-C6-600WAC/2",
        "CAB-TA-NA",
        "C9200-STACK-KIT",
        "C9200-STACK",
        "C9200-STACK",
        "STACK-T4-50CM",
        "PWR-C6-600WAC/2",
        "CAB-TA-NA",
        "C9200-STACK-KIT",
        "C9200-STACK",
        "C9200-STACK",
        "STACK-T4-50CM",
        "PWR-C6-600WAC/2",
        "CAB-TA-NA",
        "C9200-STACK-KIT",
        "C9200-STACK",
        "C9200-STACK",
        "STACK-T4-50CM",
        "PWR-C6-600WAC/2",
        "CAB-TA-NA",
        "C9200-STACK-KIT",
        "C9200-STACK",
        "C9200-STACK",
        "STACK-T4-50CM",
        "PWR-C6-600WAC/2",
        "CAB-TA-NA",
        "C9200-STACK-KIT",
        "C9200-STACK",
        "C9200-STACK",
        "STACK-T4-50CM",
        "PWR-C6-600WAC/2",
        "CAB-TA-NA",
        "C9200-STACK-KIT",
        "C9200-STACK",
        "C9200-STACK",
        "STACK-T4-50CM",
        "PWR-C6-600WAC/2",
        "CAB-TA-NA",
        "C9200-STACK-KIT",
        "C9200-STACK",
        "C9200-STACK",
        "STACK-T4-50CM",
        "PWR-C6-600WAC/2",
        "CAB-TA-NA",
        "C9200-STACK-KIT",
        "C9200-STACK",
        "C9200-STACK",
        "STACK-T4-50CM",
        "PWR-C6-1KWAC/2",
        "CAB-TA-NA",
        "C9200-STACK-KIT",
        "C9200-STACK",
        "C9200-STACK",
        "STACK-T4-50CM",
        "PWR-C6-1KWAC/2",
        "CAB-TA-NA",
        "C9200-STACK-KIT",
        "C9200-STACK",
        "C9200-STACK",
        "STACK-T4-50CM",
        "PWR-C6-1KWAC/2",
        "CAB-TA-NA",
        "C9200-STACK-KIT",
        "C9200-STACK",
        "C9200-STACK",
        "STACK-T4-50CM",
        "PWR-C6-1KWAC/2",
        "CAB-TA-NA",
        "C9200-STACK-KIT",
        "C9200-STACK",
        "C9200-STACK",
        "STACK-T4-50CM",
        "PWR-C6-1KWAC/2",
        "CAB-TA-NA",
        "C9200-STACK-KIT",
        "C9200-STACK",
        "C9200-STACK",
        "STACK-T4-50CM",
        "PWR-C6-1KWAC/2",
        "CAB-TA-NA",
        "C9200-STACK-KIT",
        "C9200-STACK",
        "C9200-STACK",
        "STACK-T4-50CM",
        "PWR-C6-1KWAC/2",
        "CAB-TA-NA",
        "C9200-STACK-KIT",
        "C9200-STACK",
        "C9200-STACK",
        "STACK-T4-50CM",
        "PWR-C6-1KWAC/2",
        "CAB-TA-NA",
        "C9200-STACK-KIT",
        "C9200-STACK",
        "C9200-STACK",
        "STACK-T4-50CM",
        "PWR-C6-1KWAC/2",
        "CAB-TA-NA",
        "C9200-STACK-KIT",
        "C9200-STACK",
        "C9200-STACK",
        "STACK-T4-50CM",
        "PWR-C6-1KWAC/2",
        "CAB-TA-NA",
        "C9200-STACK-KIT",
        "C9200-STACK",
        "C9200-STACK",
        "STACK-T4-50CM",
        "PWR-C6-1KWAC/2",
        "CAB-TA-NA",
        "C9200-STACK-KIT",
        "C9200-STACK",
        "C9200-STACK",
        "STACK-T4-50CM",
        "PWR-C6-1KWAC/2",
        "CAB-TA-NA",
        "C9200-STACK-KIT",
        "C9200-STACK",
        "C9200-STACK",
        "STACK-T4-50CM",
        "PWR-C6-1KWAC/2",
        "CAB-TA-NA",
        "C9200-STACK-KIT",
        "C9200-STACK",
        "C9200-STACK",
        "STACK-T4-50CM",
        "PWR-C6-1KWAC/2",
        "CAB-TA-NA",
        "C9200-STACK-KIT",
        "C9200-STACK",
        "C9200-STACK",
        "STACK-T4-50CM",
        "PWR-C6-1KWAC/2",
        "CAB-TA-NA",
        "C9200-STACK-KIT",
        "C9200-STACK",
        "C9200-STACK",
        "STACK-T4-50CM",
        "PWR-C6-1KWAC/2",
        "CAB-TA-NA",
        "C9200-STACK-KIT",
        "C9200-STACK",
        "C9200-STACK",
        "STACK-T4-50CM",
        "PWR-C6-1KWAC/2",
        "CAB-TA-NA",
        "C9200-STACK-KIT",
        "C9200-STACK",
        "C9200-STACK",
        "STACK-T4-50CM",
        "PWR-C6-1KWAC/2",
        "CAB-TA-NA",
        "C9200-STACK-KIT",
        "C9200-STACK",
        "C9200-STACK",
        "STACK-T4-50CM",
        "PWR-C6-1KWAC/2",
        "CAB-TA-NA",
        "C9200-STACK-KIT",
        "C9200-STACK",
        "C9200-STACK",
        "STACK-T4-50CM",
        "PWR-C6-1KWAC/2",
        "CAB-TA-NA",
        "C9200-STACK-KIT",
        "C9200-STACK",
        "C9200-STACK",
        "STACK-T4-50CM",
        "PWR-C6-1KWAC/2",
        "CAB-TA-NA",
        "C9200-STACK-KIT",
        "C9200-STACK",
        "C9200-STACK",
        "STACK-T4-50CM",
        "PWR-C6-1KWAC/2",
        "CAB-TA-NA",
        "C9200-STACK-KIT",
        "C9200-STACK",
        "C9200-STACK",
        "STACK-T4-50CM",
        "PWR-C6-1KWAC/2",
        "CAB-TA-NA",
        "C9200-STACK-KIT",
        "C9200-STACK",
        "C9200-STACK",
        "STACK-T4-50CM",
        "PWR-C6-1KWAC/2",
        "CAB-TA-NA",
        "C9200-STACK-KIT",
        "C9200-STACK",
        "C9200-STACK",
        "STACK-T4-50CM",
        "PWR-C6-1KWAC/2",
        "CAB-TA-NA",
        "C9200-STACK-KIT",
        "C9200-STACK",
        "C9200-STACK",
        "STACK-T4-50CM",
        "PWR-C6-1KWAC/2",
        "CAB-TA-NA",
        "C9200-STACK-KIT",
        "C9200-STACK",
        "C9200-STACK",
        "STACK-T4-50CM",
        "PWR-C6-1KWAC/2",
        "CAB-TA-NA",
        "C9200-STACK-KIT",
        "C9200-STACK",
        "C9200-STACK",
        "STACK-T4-50CM",
        "PWR-C6-1KWAC/2",
        "CAB-TA-NA",
        "C9200-STACK-KIT",
        "C9200-STACK",
        "C9200-STACK",
        "STACK-T4-50CM",
        "PWR-C6-1KWAC/2",
        "CAB-TA-NA",
        "C9200-STACK-KIT",
        "C9200-STACK",
        "C9200-STACK",
        "STACK-T4-50CM",
        "PWR-C6-1KWAC/2",
        "CAB-TA-NA",
        "C9200-STACK-KIT",
        "C9200-STACK",
        "C9200-STACK",
        "STACK-T4-50CM",
        "PWR-C6-1KWAC/2",
        "CAB-TA-NA",
        "C9200-STACK-KIT",
        "C9200-STACK",
        "C9200-STACK",
        "STACK-T4-50CM",
        "PWR-C6-600WAC/2",
        "CAB-TA-NA",
        "C9200-STACK-KIT",
        "C9200-STACK",
        "C9200-STACK",
        "STACK-T4-50CM",
        "MA-PWR-30W-US",
        "3PP-INSERT-2",
        "3PP-INSERT-1",
        "3PP-INSERT-2",
        "MA-PWR-30W-US",
        "3PP-INSERT-3",
        "3PP-INSERT-3",
        "3PP-INSERT-2",
        "DN2-RAID-M5",
        "CAB-9K12A-NA",
        "DN2-PSU1-770W",
        "DN2-PSU1-770W",
        "DN2-PCIE-ID10GF",
        "DN2-SD-64G-S",
        "DN2-TPM2-002",
        "DN2-MSTOR-SD",
        "DN2-PCIE-IQ10GF",
        "DN2-CPU-I6238",
        "DN2-CPU-I6238",
        "DN2-SD480G6I1X-EV",
        "DN2-SD480G6I1X-EV",
        "DN2-MR-X32G2RW",
        "DN2-MR-X32G2RW",
        "DN2-MR-X32G2RW",
        "DN2-MR-X32G2RW",
        "DN2-MR-X32G2RW",
        "DN2-MR-X32G2RW",
        "DN2-MR-X32G2RW",
        "DN2-MR-X32G2RW",
        "DN2-SD19T6S1X-EV",
        "DN2-SD19T6S1X-EV",
        "DN2-SD19T6S1X-EV",
        "DN2-SD19T6S1X-EV",
        "DN2-SD19T6S1X-EV",
        "DN2-SD19T6S1X-EV",
        "DN2-SD19T6S1X-EV",
        "DN2-SD19T6S1X-EV",
        "CAB-16AWG-AC",
        "CAB-16AWG-AC",
        "CAB-16AWG-AC",
        "CAB-16AWG-AC",
        "CAB-16AWG-AC",
        "CAB-16AWG-AC",
        "CAB-16AWG-AC",
        "CAB-16AWG-AC",
        "CAB-16AWG-AC",
        "CAB-16AWG-AC",
        "CAB-16AWG-AC",
        "CAB-16AWG-AC"
      ],
      "display": {
        "sorting": {
          "field": "risk_score",
          "order": "desc"
        },
        "itemsPerPage": 200
      }
    },
    "createdAt": "2025-10-19T20:06:31.506Z",
    "updatedAt": "2025-10-19T20:06:31.506Z",
    "usageCount": 2,
    "lastUsed": "2025-10-19T20:23:11.438Z"
  },
  "Test3": {
    "name": "Test3",
    "config": {
      "product_id": "",
      "type": {
        "include": [],
        "exclude": []
      },
      "category": {
        "include": [],
        "exclude": []
      },
      "mfg": {
        "include": [],
        "exclude": []
      },
      "description": "",
      "risk_level": {
        "include": [],
        "exclude": []
      },
      "support_status": {
        "include": [],
        "exclude": []
      },
      "selectionMode": "exclude-selected",
      "selectedProductIds": [
        "C3KX-PWR-715WAC",
        "CAB-3KX-AC",
        "PI-MSE-PRMO-INSRT",
        "C3KX-PS-BLANK",
        "PI-MSE-PRMO-INSRT",
        "ACS-1900-RM-19",
        "HWIC-BLANK",
        "C3KX-PWR-715WAC",
        "C3KX-PS-BLANK",
        "PI-MSE-PRMO-INSRT",
        "CAB-3KX-AC",
        "C3KX-PWR-715WAC",
        "CAB-3KX-AC",
        "PI-MSE-PRMO-INSRT",
        "C3KX-PS-BLANK",
        "AIR-AP-T-RAIL-R",
        "AIR-AP-BRACKET-1",
        "PI-MSE-PRMO-INSRT",
        "CAB-3KX-AC",
        "C3KX-PS-BLANK",
        "C3KX-PWR-715WAC",
        "AIR-AP-BRACKET-1",
        "AIR-AP-T-RAIL-R",
        "AIR-AP-BRACKET-1",
        "AIR-AP-T-RAIL-R",
        "C3KX-PWR-715WAC",
        "PI-MSE-PRMO-INSRT",
        "CAB-3KX-AC",
        "C3KX-PS-BLANK",
        "PWR-2911-AC",
        "HWIC-BLANK",
        "SM-S-BLANK",
        "PI-MSE-PRMO-INSRT",
        "MEM-CF-256MB",
        "MEM-2900-512MB-DEF",
        "CAB-C13-C14-2M",
        "C3KX-PWR-715WAC",
        "CAB-3KX-AC",
        "C3KX-PS-BLANK",
        "N5548P-FAN=",
        "C3KX-PWR-715WAC",
        "CAB-3KX-AC",
        "C3KX-PS-BLANK",
        "CAB-3KX-AC",
        "C3KX-PS-BLANK",
        "MA-ANT-20",
        "CAB-TA-NA",
        "MA-PWR-CORD-US",
        "MA-PWR-CORD-US",
        "MA-PWR-CORD-US",
        "CAB-TA-NA",
        "PWR-C4-950WAC-R/2",
        "PWR-C4-950WAC-R",
        "C9500-NM-BLANK",
        "CAB-TA-NA",
        "PWR-C4-950WAC-R/2",
        "PWR-C4-950WAC-R",
        "C9500-NM-BLANK",
        "CAB-AC15A-90L-USA",
        "CAB-TA-NA",
        "NXA-FAN-35CFM-PI",
        "NXA-FAN-35CFM-PI",
        "NXA-FAN-35CFM-PI",
        "NXA-FAN-35CFM-PI",
        "NXA-FAN-35CFM-PI",
        "CAB-9K12A-NA",
        "NXA-FAN-35CFM-PI",
        "NXA-FAN-35CFM-PI",
        "NXA-FAN-35CFM-PI",
        "NXA-FAN-35CFM-PI",
        "NXA-FAN-35CFM-PI",
        "CAB-9K12A-NA",
        "NXA-FAN-30CFM-B",
        "NXA-FAN-30CFM-B",
        "NXA-FAN-30CFM-B",
        "NXA-FAN-30CFM-B",
        "CAB-C13-C14-AC",
        "NXA-FAN-30CFM-B",
        "NXA-FAN-30CFM-B",
        "NXA-FAN-30CFM-B",
        "NXA-FAN-30CFM-B",
        "CAB-C13-C14-AC",
        "PWR-IE65W-PC-AC",
        "PWR-IE65W-PC-AC",
        "PWR-IE65W-PC-AC",
        "CAB-TA-NA",
        "PWR-C1-715WAC-P",
        "PWR-C1-715WAC-P/2",
        "CAB-SPWR-150CM",
        "STACK-T1-3M",
        "CAB-TA-NA",
        "PWR-C1-715WAC-P",
        "PWR-C1-715WAC-P/2",
        "CAB-SPWR-150CM",
        "STACK-T1-3M",
        "CAB-TA-NA",
        "PWR-C1-715WAC-P",
        "PWR-C1-715WAC-P/2",
        "CAB-SPWR-150CM",
        "STACK-T1-3M",
        "CAB-TA-NA",
        "PWR-C1-715WAC-P",
        "PWR-C1-715WAC-P/2",
        "CAB-SPWR-150CM",
        "STACK-T1-3M",
        "CAB-TA-NA",
        "PWR-C1-715WAC-P",
        "PWR-C1-715WAC-P/2",
        "CAB-SPWR-150CM",
        "STACK-T1-3M",
        "CAB-TA-NA",
        "PWR-C1-715WAC-P",
        "PWR-C1-715WAC-P/2",
        "CAB-SPWR-150CM",
        "STACK-T1-3M",
        "CAB-TA-NA",
        "PWR-C1-715WAC-P",
        "PWR-C1-715WAC-P/2",
        "CAB-SPWR-150CM",
        "STACK-T1-3M",
        "C9300X-NM-BLANK",
        "CAB-TA-NA",
        "PWR-C1-715WAC-P",
        "PWR-C1-715WAC-P/2",
        "CAB-SPWR-150CM",
        "STACK-T1-3M",
        "C9300X-NM-BLANK",
        "C9K-T1-FANTRAY",
        "C9K-T1-FANTRAY",
        "C9K-F1-SSD-BLANK",
        "CAB-9K12A-NA",
        "C9K-PWR-650WAC-R/2",
        "C9K-PWR-650WAC-R",
        "C9K-T1-FANTRAY",
        "C9K-T1-FANTRAY",
        "C9K-F1-SSD-BLANK",
        "CAB-9K12A-NA",
        "C9K-PWR-650WAC-R/2",
        "C9K-PWR-650WAC-R",
        "CAB-TA-NA",
        "CAB-TA-NA",
        "CAB-TA-NA",
        "MEM-C8300-8GB",
        "M2USB-16G",
        "C-RFID-1R",
        "C8300-RM-19-1R",
        "C8300-NIM-BLANK",
        "C8300-SM-BLANK",
        "C8300-PIM-BLANK",
        "PWR-CC1-400WAC",
        "PWR-CC1-400WAC",
        "MEM-C8300-8GB",
        "M2USB-16G",
        "C-RFID-1R",
        "C8300-RM-19-1R",
        "C8300-NIM-BLANK",
        "C8300-SM-BLANK",
        "C8300-PIM-BLANK",
        "PWR-CC1-400WAC",
        "PWR-CC1-400WAC",
        "MEM-C8300-8GB",
        "M2USB-16G",
        "C-RFID-1R",
        "C8300-RM-19-1R",
        "C8300-NIM-BLANK",
        "C8300-SM-BLANK",
        "C8300-PIM-BLANK",
        "PWR-CC1-400WAC",
        "PWR-CC1-400WAC",
        "MEM-C8300-8GB",
        "M2USB-16G",
        "C-RFID-1R",
        "C8300-RM-19-1R",
        "C8300-NIM-BLANK",
        "C8300-SM-BLANK",
        "C8300-PIM-BLANK",
        "PWR-CC1-400WAC",
        "PWR-CC1-400WAC",
        "MEM-C8300-8GB",
        "M2USB-16G",
        "C-RFID-1R",
        "C8300-RM-19-1R",
        "C8300-NIM-BLANK",
        "C8300-SM-BLANK",
        "C8300-PIM-BLANK",
        "PWR-CC1-400WAC",
        "PWR-CC1-400WAC",
        "PWR-C6-600WAC/2",
        "CAB-TA-NA",
        "C9200-STACK-KIT",
        "C9200-STACK",
        "C9200-STACK",
        "STACK-T4-50CM",
        "PWR-C6-600WAC/2",
        "CAB-TA-NA",
        "C9200-STACK-KIT",
        "C9200-STACK",
        "C9200-STACK",
        "STACK-T4-50CM",
        "PWR-C6-600WAC/2",
        "CAB-TA-NA",
        "C9200-STACK-KIT",
        "C9200-STACK",
        "C9200-STACK",
        "STACK-T4-50CM",
        "PWR-C6-600WAC/2",
        "CAB-TA-NA",
        "C9200-STACK-KIT",
        "C9200-STACK",
        "C9200-STACK",
        "STACK-T4-50CM",
        "PWR-C6-600WAC/2",
        "CAB-TA-NA",
        "C9200-STACK-KIT",
        "C9200-STACK",
        "C9200-STACK",
        "STACK-T4-50CM",
        "PWR-C6-600WAC/2",
        "CAB-TA-NA",
        "C9200-STACK-KIT",
        "C9200-STACK",
        "C9200-STACK",
        "STACK-T4-50CM",
        "PWR-C6-600WAC/2",
        "CAB-TA-NA",
        "C9200-STACK-KIT",
        "C9200-STACK",
        "C9200-STACK",
        "STACK-T4-50CM",
        "PWR-C6-600WAC/2",
        "CAB-TA-NA",
        "C9200-STACK-KIT",
        "C9200-STACK",
        "C9200-STACK",
        "STACK-T4-50CM",
        "PWR-C6-600WAC/2",
        "CAB-TA-NA",
        "C9200-STACK-KIT",
        "C9200-STACK",
        "C9200-STACK",
        "STACK-T4-50CM",
        "PWR-C6-600WAC/2",
        "CAB-TA-NA",
        "C9200-STACK-KIT",
        "C9200-STACK",
        "C9200-STACK",
        "STACK-T4-50CM",
        "PWR-C6-600WAC/2",
        "CAB-TA-NA",
        "C9200-STACK-KIT",
        "C9200-STACK",
        "C9200-STACK",
        "STACK-T4-50CM",
        "PWR-C6-600WAC/2",
        "CAB-TA-NA",
        "C9200-STACK-KIT",
        "C9200-STACK",
        "C9200-STACK",
        "STACK-T4-50CM",
        "PWR-C6-600WAC/2",
        "CAB-TA-NA",
        "C9200-STACK-KIT",
        "C9200-STACK",
        "C9200-STACK",
        "STACK-T4-50CM",
        "PWR-C6-600WAC/2",
        "CAB-TA-NA",
        "C9200-STACK-KIT",
        "C9200-STACK",
        "C9200-STACK",
        "STACK-T4-50CM",
        "PWR-C6-600WAC/2",
        "CAB-TA-NA",
        "C9200-STACK-KIT",
        "C9200-STACK",
        "C9200-STACK",
        "STACK-T4-50CM",
        "PWR-C6-600WAC/2",
        "CAB-TA-NA",
        "C9200-STACK-KIT",
        "C9200-STACK",
        "C9200-STACK",
        "STACK-T4-50CM",
        "PWR-C6-600WAC/2",
        "CAB-TA-NA",
        "C9200-STACK-KIT",
        "C9200-STACK",
        "C9200-STACK",
        "STACK-T4-50CM",
        "PWR-C6-600WAC/2",
        "CAB-TA-NA",
        "C9200-STACK-KIT",
        "C9200-STACK",
        "C9200-STACK",
        "STACK-T4-50CM",
        "PWR-C6-600WAC/2",
        "CAB-TA-NA",
        "C9200-STACK-KIT",
        "C9200-STACK",
        "C9200-STACK",
        "STACK-T4-50CM",
        "PWR-C6-600WAC/2",
        "CAB-TA-NA",
        "C9200-STACK-KIT",
        "C9200-STACK",
        "C9200-STACK",
        "STACK-T4-50CM",
        "PWR-C6-600WAC/2",
        "CAB-TA-NA",
        "C9200-STACK-KIT",
        "C9200-STACK",
        "C9200-STACK",
        "STACK-T4-50CM",
        "PWR-C6-600WAC/2",
        "CAB-TA-NA",
        "C9200-STACK-KIT",
        "C9200-STACK",
        "C9200-STACK",
        "STACK-T4-50CM",
        "PWR-C6-600WAC/2",
        "CAB-TA-NA",
        "C9200-STACK-KIT",
        "C9200-STACK",
        "C9200-STACK",
        "STACK-T4-50CM",
        "PWR-C6-600WAC/2",
        "CAB-TA-NA",
        "C9200-STACK-KIT",
        "C9200-STACK",
        "C9200-STACK",
        "STACK-T4-50CM",
        "PWR-C6-1KWAC/2",
        "CAB-TA-NA",
        "C9200-STACK-KIT",
        "C9200-STACK",
        "C9200-STACK",
        "STACK-T4-50CM",
        "PWR-C6-1KWAC/2",
        "CAB-TA-NA",
        "C9200-STACK-KIT",
        "C9200-STACK",
        "C9200-STACK",
        "STACK-T4-50CM",
        "PWR-C6-1KWAC/2",
        "CAB-TA-NA",
        "C9200-STACK-KIT",
        "C9200-STACK",
        "C9200-STACK",
        "STACK-T4-50CM",
        "PWR-C6-1KWAC/2",
        "CAB-TA-NA",
        "C9200-STACK-KIT",
        "C9200-STACK",
        "C9200-STACK",
        "STACK-T4-50CM",
        "PWR-C6-1KWAC/2",
        "CAB-TA-NA",
        "C9200-STACK-KIT",
        "C9200-STACK",
        "C9200-STACK",
        "STACK-T4-50CM",
        "PWR-C6-1KWAC/2",
        "CAB-TA-NA",
        "C9200-STACK-KIT",
        "C9200-STACK",
        "C9200-STACK",
        "STACK-T4-50CM",
        "PWR-C6-1KWAC/2",
        "CAB-TA-NA",
        "C9200-STACK-KIT",
        "C9200-STACK",
        "C9200-STACK",
        "STACK-T4-50CM",
        "PWR-C6-1KWAC/2",
        "CAB-TA-NA",
        "C9200-STACK-KIT",
        "C9200-STACK",
        "C9200-STACK",
        "STACK-T4-50CM",
        "PWR-C6-1KWAC/2",
        "CAB-TA-NA",
        "C9200-STACK-KIT",
        "C9200-STACK",
        "C9200-STACK",
        "STACK-T4-50CM",
        "PWR-C6-1KWAC/2",
        "CAB-TA-NA",
        "C9200-STACK-KIT",
        "C9200-STACK",
        "C9200-STACK",
        "STACK-T4-50CM",
        "PWR-C6-1KWAC/2",
        "CAB-TA-NA",
        "C9200-STACK-KIT",
        "C9200-STACK",
        "C9200-STACK",
        "STACK-T4-50CM",
        "PWR-C6-1KWAC/2",
        "CAB-TA-NA",
        "C9200-STACK-KIT",
        "C9200-STACK",
        "C9200-STACK",
        "STACK-T4-50CM",
        "PWR-C6-1KWAC/2",
        "CAB-TA-NA",
        "C9200-STACK-KIT",
        "C9200-STACK",
        "C9200-STACK",
        "STACK-T4-50CM",
        "PWR-C6-1KWAC/2",
        "CAB-TA-NA",
        "C9200-STACK-KIT",
        "C9200-STACK",
        "C9200-STACK",
        "STACK-T4-50CM",
        "PWR-C6-1KWAC/2",
        "CAB-TA-NA",
        "C9200-STACK-KIT",
        "C9200-STACK",
        "C9200-STACK",
        "STACK-T4-50CM",
        "PWR-C6-1KWAC/2",
        "CAB-TA-NA",
        "C9200-STACK-KIT",
        "C9200-STACK",
        "C9200-STACK",
        "STACK-T4-50CM",
        "PWR-C6-1KWAC/2",
        "CAB-TA-NA",
        "C9200-STACK-KIT",
        "C9200-STACK",
        "C9200-STACK",
        "STACK-T4-50CM",
        "PWR-C6-1KWAC/2",
        "CAB-TA-NA",
        "C9200-STACK-KIT",
        "C9200-STACK",
        "C9200-STACK",
        "STACK-T4-50CM",
        "PWR-C6-1KWAC/2",
        "CAB-TA-NA",
        "C9200-STACK-KIT",
        "C9200-STACK",
        "C9200-STACK",
        "STACK-T4-50CM",
        "PWR-C6-1KWAC/2",
        "CAB-TA-NA",
        "C9200-STACK-KIT",
        "C9200-STACK",
        "C9200-STACK",
        "STACK-T4-50CM",
        "PWR-C6-1KWAC/2",
        "CAB-TA-NA",
        "C9200-STACK-KIT",
        "C9200-STACK",
        "C9200-STACK",
        "STACK-T4-50CM",
        "PWR-C6-1KWAC/2",
        "CAB-TA-NA",
        "C9200-STACK-KIT",
        "C9200-STACK",
        "C9200-STACK",
        "STACK-T4-50CM",
        "PWR-C6-1KWAC/2",
        "CAB-TA-NA",
        "C9200-STACK-KIT",
        "C9200-STACK",
        "C9200-STACK",
        "STACK-T4-50CM",
        "PWR-C6-1KWAC/2",
        "CAB-TA-NA",
        "C9200-STACK-KIT",
        "C9200-STACK",
        "C9200-STACK",
        "STACK-T4-50CM",
        "PWR-C6-1KWAC/2",
        "CAB-TA-NA",
        "C9200-STACK-KIT",
        "C9200-STACK",
        "C9200-STACK",
        "STACK-T4-50CM",
        "PWR-C6-1KWAC/2",
        "CAB-TA-NA",
        "C9200-STACK-KIT",
        "C9200-STACK",
        "C9200-STACK",
        "STACK-T4-50CM",
        "PWR-C6-1KWAC/2",
        "CAB-TA-NA",
        "C9200-STACK-KIT",
        "C9200-STACK",
        "C9200-STACK",
        "STACK-T4-50CM",
        "PWR-C6-1KWAC/2",
        "CAB-TA-NA",
        "C9200-STACK-KIT",
        "C9200-STACK",
        "C9200-STACK",
        "STACK-T4-50CM",
        "PWR-C6-1KWAC/2",
        "CAB-TA-NA",
        "C9200-STACK-KIT",
        "C9200-STACK",
        "C9200-STACK",
        "STACK-T4-50CM",
        "PWR-C6-1KWAC/2",
        "CAB-TA-NA",
        "C9200-STACK-KIT",
        "C9200-STACK",
        "C9200-STACK",
        "STACK-T4-50CM",
        "PWR-C6-1KWAC/2",
        "CAB-TA-NA",
        "C9200-STACK-KIT",
        "C9200-STACK",
        "C9200-STACK",
        "STACK-T4-50CM",
        "PWR-C6-600WAC/2",
        "CAB-TA-NA",
        "C9200-STACK-KIT",
        "C9200-STACK",
        "C9200-STACK",
        "STACK-T4-50CM",
        "MA-PWR-30W-US",
        "3PP-INSERT-2",
        "3PP-INSERT-1",
        "3PP-INSERT-2",
        "MA-PWR-30W-US",
        "3PP-INSERT-3",
        "3PP-INSERT-3",
        "3PP-INSERT-2",
        "DN2-RAID-M5",
        "CAB-9K12A-NA",
        "DN2-PSU1-770W",
        "DN2-PSU1-770W",
        "DN2-PCIE-ID10GF",
        "DN2-SD-64G-S",
        "DN2-TPM2-002",
        "DN2-MSTOR-SD",
        "DN2-PCIE-IQ10GF",
        "DN2-CPU-I6238",
        "DN2-CPU-I6238",
        "DN2-SD480G6I1X-EV",
        "DN2-SD480G6I1X-EV",
        "DN2-MR-X32G2RW",
        "DN2-MR-X32G2RW",
        "DN2-MR-X32G2RW",
        "DN2-MR-X32G2RW",
        "DN2-MR-X32G2RW",
        "DN2-MR-X32G2RW",
        "DN2-MR-X32G2RW",
        "DN2-MR-X32G2RW",
        "DN2-SD19T6S1X-EV",
        "DN2-SD19T6S1X-EV",
        "DN2-SD19T6S1X-EV",
        "DN2-SD19T6S1X-EV",
        "DN2-SD19T6S1X-EV",
        "DN2-SD19T6S1X-EV",
        "DN2-SD19T6S1X-EV",
        "DN2-SD19T6S1X-EV",
        "CAB-16AWG-AC",
        "CAB-16AWG-AC",
        "CAB-16AWG-AC",
        "CAB-16AWG-AC",
        "CAB-16AWG-AC",
        "CAB-16AWG-AC",
        "CAB-16AWG-AC",
        "CAB-16AWG-AC",
        "CAB-16AWG-AC",
        "CAB-16AWG-AC",
        "CAB-16AWG-AC",
        "CAB-16AWG-AC"
      ],
      "display": {
        "sorting": {
          "field": "risk_score",
          "order": "desc"
        },
        "itemsPerPage": 200
      }
    },
    "createdAt": "2025-10-19T20:29:35.039Z",
    "updatedAt": "2025-10-19T20:29:35.039Z",
    "usageCount": 5,
    "lastUsed": "2025-11-04T16:48:57.568Z"
  }
}